{"cameraMode":{"drawMode":0,"name":"Shaded","section":"Shading Mode"},"sceneLighting":true,"audioPlay":false,"sceneViewState":{"m_AlwaysRefresh":false,"showFog":true,"showSkybox":true,"showFlares":true,"showImageEffects":true,"showParticleSystems":true,"showVisualEffectGraphs":true,"m_FxEnabled":true},"in2DMode":false,"pivot":{"x":0.353444367647171,"y":8.22982406616211,"z":10.378768920898438},"rotation":{"x":0.1651335060596466,"y":-0.007397352252155542,"z":0.0012381041888147593,"w":0.9862443208694458},"size":5.907913684844971,"orthographic":false}